{
    "SC2005":{
        "path":"/Modules/SC2005",
        "code":"SC2005",
        "index":{
            "10001":{"22":"SC2005 Lecture LT-40","37":"SC2005 Lab SW3_3 14:30-16:30"},
            "10002":{"22":"SC2005 Lecture LT-40","57":"SC2005 Lab SW3_3 14:30-16:30"},
            "10003":{"22":"SC2005 Lecture LT-40","47":"SC2005 Lab SW3_3 14:30-16:30"}
        },
        "moduleName":"OS",
        "au":"3",
        "examSchedule":"None"
    },
    "SC2006":{
        "path":"/Modules/SC2006",
        "code":"SC2006",
        "index":{
            "10001":{"11":"SC2006 Lecture LT-42","47":"SC2006 Lab SW3_2 14:30-16:30"}
        },
        "moduleName":"SE",
        "au":"3",
        "examSchedule":"None"
    }
}
  